
INSERT INTO `autoryzacja` (`pesel`, `login`, `haslo`, `kto`) VALUES (11111111110, 'otitmuss', 'pass', 'r'),(11111111111, 'cfeakins', 'pass', 'r'),(11111111112, 'hdaugherty', 'pass', 'r'),(11111111113, 'stomkies', 'pass', 'r'),(11111111114, 'pmaletratt', 'pass', 'r'),(11111111115, 'nmorin', 'pass', 'r'),(11111111116, 'fheller', 'pass', 'r'),(11111111117, 'mscargle', 'pass', 'r'),(11111111118, 'rbirrel', 'pass', 'r'),(11111111119, 'anowakowski', 'pass', 'r'),(22222222220, 'bwildsmit', 'pass', 'n'),(22222222221, 'dmusson', 'pass', 'n'),(22222222222, 'rspensley', 'pass', 'n'),(22222222223, 'dhoundsom', 'pass', 'n'),(22222222224, 'fmewton', 'pass', 'n'),(22222222225, 'bkubis', 'pas', 'n'),(22222222226, 'ssteagall', 'pass', 'n'),(22222222227, 'ybritnell', 'pass', 'n'),(22222222228, 'khalpen', 'pass', 'n'),(22222222229, 'zdrake', 'pass', 'n'),(32222222220, 'zszmit', 'pass', 'u'),(32222222221, 'giryd', 'pass', 'u'),(32222222222, 'abury', 'pass', 'u'),(32222222223, 'kdrozd', 'pass', 'u'),(32222222224, 'kkusz', 'pass', 'u'),(32222222225, 'mklan', 'pass', 'u'),(32222222226, 'aseagall', 'pass', 'u'),(32222222227, 'bbelz', 'pass', 'u'),(32222222228, 'kharpel', 'pass', 'u'),(32222222229, 'zsmok', 'pass', 'u'),(99999999991, 'zdral', 'pass', 'd');
INSERT INTO `nauczyciel` (`pesel`, `imie`, `nazwisko`) VALUES(22222222220, 'Benton', 'Wildsmit'),(22222222221, 'Darnall', 'Musson'),(22222222222, 'Roderic', 'Spensley'),(22222222223, 'Der', 'Houndsom'),(22222222224, 'Fairfax', 'Mewton'),(22222222225, 'Bengt', 'Kubis'),(22222222226, 'Serge', 'Steagall'),(22222222227, 'Yanaton', 'Britnell'),(22222222228, 'Kayne', 'Halpen'),(22222222229, 'Zebadiah', 'Drake');
INSERT INTO `klasa` (`nazwa_klasy`, `rok_szkolny`, `wychowawca`) VALUES('1a', '2019-01-01', 22222222220),('1b', '2019-01-01', 22222222221),('1c', '2019-01-01', 22222222222);
INSERT INTO `rodzic` (`pesel`, `imie_ojca`, `nazwisko_ojca`, `imie_matki`, `nazwisko_matki`) VALUES(11111111110, 'Orin', 'Titmuss', 'Ines', 'Disman');
INSERT INTO `rodzic` (`pesel`, `imie_ojca`, `nazwisko_ojca`, `imie_matki`, `nazwisko_matki`) VALUES(11111111111, 'Chancey', 'Feakins', 'Stacee', 'Strickland');
INSERT INTO `rodzic` (`pesel`, `imie_ojca`, `nazwisko_ojca`, `imie_matki`, `nazwisko_matki`) VALUES(11111111112, 'Harp', 'Daugherty', 'Hedy', 'Pennicard');
INSERT INTO `rodzic` (`pesel`, `imie_ojca`, `nazwisko_ojca`, `imie_matki`, `nazwisko_matki`) VALUES(11111111113, 'Sigfried', 'Tomkies', 'Regine', 'Cirlos');
INSERT INTO `rodzic` (`pesel`, `imie_ojca`, `nazwisko_ojca`, `imie_matki`, `nazwisko_matki`) VALUES(11111111114, 'Pablo', 'Maletratt', 'Sharity', 'Ashfold');
INSERT INTO `rodzic` (`pesel`, `imie_ojca`, `nazwisko_ojca`, `imie_matki`, `nazwisko_matki`) VALUES(11111111115, 'Northrup', 'Morin', 'Robbin', 'Bissill');
INSERT INTO `rodzic` (`pesel`, `imie_ojca`, `nazwisko_ojca`, `imie_matki`, `nazwisko_matki`) VALUES(11111111116, 'Frazier', 'Heller', 'Kristina', 'Raine');
INSERT INTO `rodzic` (`pesel`, `imie_ojca`, `nazwisko_ojca`, `imie_matki`, `nazwisko_matki`) VALUES(11111111117, 'Matthiew', 'Scargle', 'Moyna', 'Frankham');
INSERT INTO `rodzic` (`pesel`, `imie_ojca`, `nazwisko_ojca`, `imie_matki`, `nazwisko_matki`) VALUES(11111111118, 'Rudie', 'Birrel', 'Libbey', 'Gammett');
INSERT INTO `rodzic` (`pesel`, `imie_ojca`, `nazwisko_ojca`, `imie_matki`, `nazwisko_matki`) VALUES(11111111119, 'Aldous', 'Nowakowski', 'Thomasin', 'Moule');
INSERT INTO `uczen` (`pesel`, `nazwa_klasy`, `imie`, `nazwisko`, `rodzic`) VALUES(32222222220, '1b', 'Zenon', 'Szmit', 11111111110);
INSERT INTO `uczen` (`pesel`, `nazwa_klasy`, `imie`, `nazwisko`, `rodzic`) VALUES(32222222221, '1a', 'Gniewomir', 'Iryd', 11111111111);
INSERT INTO `uczen` (`pesel`, `nazwa_klasy`, `imie`, `nazwisko`, `rodzic`) VALUES(32222222222, '1a', 'Adrian', 'Bury', 11111111111);
INSERT INTO `uczen` (`pesel`, `nazwa_klasy`, `imie`, `nazwisko`, `rodzic`) VALUES(32222222223, '1a', 'Krystian', 'Drozd', 11111111113);
INSERT INTO `uczen` (`pesel`, `nazwa_klasy`, `imie`, `nazwisko`, `rodzic`) VALUES(32222222224, '1a', 'Katarzyna', 'Kusz', 11111111114);
INSERT INTO `uczen` (`pesel`, `nazwa_klasy`, `imie`, `nazwisko`, `rodzic`) VALUES(32222222225, '1a', 'Marek', 'Klan', 11111111115);
INSERT INTO `uczen` (`pesel`, `nazwa_klasy`, `imie`, `nazwisko`, `rodzic`) VALUES(32222222226, '1b', 'Arkadiusz', 'Seagall', 11111111116);
INSERT INTO `uczen` (`pesel`, `nazwa_klasy`, `imie`, `nazwisko`, `rodzic`) VALUES(32222222227, '1b', 'Bartosz', 'Belz', 11111111117);
INSERT INTO `uczen` (`pesel`, `nazwa_klasy`, `imie`, `nazwisko`, `rodzic`) VALUES(32222222228, '1b', 'Kain', 'Harpel', 11111111118);
INSERT INTO `uczen` (`pesel`, `nazwa_klasy`, `imie`, `nazwisko`, `rodzic`) VALUES(32222222229, '1b', 'Zbigniew', 'Smok', 11111111119);
INSERT INTO `przedmiot` (`nazwa_przedmiotu`) VALUES('algebra_liniowa'),('geometria_analityczna'),('informatyka_ogolna'),('jezyk_angielski'),('jezyk_polski'),('programowanie_java'),('programowanie_zespolowe');
INSERT INTO `sklad_klasy` (`id`, `klasa`, `uczen`) VALUES (NULL, '1a', '32222222221'), (NULL, '1a', '32222222222'), (NULL, '1a', '32222222223'), (NULL, '1a', '32222222224'), (NULL, '1a', '32222222225'), (NULL, '1b', '32222222226'), (NULL, '1b', '32222222227'), (NULL, '1b', '32222222228'), (NULL, '1b', '32222222229'), (NULL, '1b', '32222222220');
INSERT INTO `rodzaj_oceny` (`rodzajOceny`) VALUES('dom'),('kart'),('odp'),('ref'),('spr');
INSERT INTO `ocena` (`id`, `przedmiot`, `opis`, `pesel`, `stopien`, `data`) VALUES(1, 'jezyk_angielski', 'odp', 32222222221, 2, '2019-04-21');
INSERT INTO `ocena` (`id`, `przedmiot`, `opis`, `pesel`, `stopien`, `data`) VALUES(2, 'jezyk_angielski', 'dom', 32222222222, 3, '2019-04-13');
INSERT INTO `ocena` (`id`, `przedmiot`, `opis`, `pesel`, `stopien`, `data`) VALUES(3, 'jezyk_angielski', 'ref', 32222222223, 4, '2019-04-13');
INSERT INTO `ocena` (`id`, `przedmiot`, `opis`, `pesel`, `stopien`, `data`) VALUES(4, 'jezyk_angielski', 'dom', 32222222221, 5, '2019-04-21');
INSERT INTO `ocena` (`id`, `przedmiot`, `opis`, `pesel`, `stopien`, `data`) VALUES(5, 'jezyk_angielski', 'dom', 32222222221, 5, '2019-04-21');
INSERT INTO `ocena` (`id`, `przedmiot`, `opis`, `pesel`, `stopien`, `data`) VALUES(6, 'programowanie_zespolowe', 'kart', 32222222221, 5, '2019-04-04');
INSERT INTO `ocena` (`id`, `przedmiot`, `opis`, `pesel`, `stopien`, `data`) VALUES(7, 'programowanie_zespolowe', 'kart', 32222222221, 1, '2019-04-04');
INSERT INTO `ocena` (`id`, `przedmiot`, `opis`, `pesel`, `stopien`, `data`) VALUES(8, 'programowanie_zespolowe', 'kart', 32222222221, 2, '2019-04-04');
INSERT INTO `ocena` (`id`, `przedmiot`, `opis`, `pesel`, `stopien`, `data`) VALUES(9, 'programowanie_java', 'odp', 32222222221, 5, '2019-04-04');
INSERT INTO `ocena` (`id`, `przedmiot`, `opis`, `pesel`, `stopien`, `data`) VALUES(10, 'programowanie_zespolowe', 'odp', 32222222221, 3, '2019-10-10');
INSERT INTO `ocena` (`id`, `przedmiot`, `opis`, `pesel`, `stopien`, `data`) VALUES(11, 'programowanie_java', 'odp', 32222222221, 1, '0009-10-10');
INSERT INTO `ocena` (`id`, `przedmiot`, `opis`, `pesel`, `stopien`, `data`) VALUES(12, 'programowanie_zespolowe', 'spr', 32222222221, 5, '2019-05-24');
INSERT INTO `ocena` (`id`, `przedmiot`, `opis`, `pesel`, `stopien`, `data`) VALUES(13, 'jezyk_angielski', 'dom', 32222222221, 5, '2019-04-21');
INSERT INTO `ocena` (`id`, `przedmiot`, `opis`, `pesel`, `stopien`, `data`) VALUES(14, 'jezyk_angielski', 'dom', 32222222225, 3, '2019-05-09');
INSERT INTO `ocena` (`id`, `przedmiot`, `opis`, `pesel`, `stopien`, `data`) VALUES(15, 'jezyk_angielski', 'ref', 32222222225, 5, '2019-05-14');
INSERT INTO `ocena` (`id`, `przedmiot`, `opis`, `pesel`, `stopien`, `data`) VALUES(16, 'jezyk_angielski', 'spr', 32222222225, 2, '2019-05-10');
INSERT INTO `ocena` (`id`, `przedmiot`, `opis`, `pesel`, `stopien`, `data`) VALUES(17, 'jezyk_angielski', 'dom', 32222222224, 3, '2019-05-08');
INSERT INTO `ocena` (`id`, `przedmiot`, `opis`, `pesel`, `stopien`, `data`) VALUES(18, 'jezyk_angielski', 'kart', 32222222222, 2, '2019-05-01');
INSERT INTO `ocena` (`id`, `przedmiot`, `opis`, `pesel`, `stopien`, `data`) VALUES(19, 'jezyk_angielski', 'kart', 32222222222, 5, '2019-05-15');
INSERT INTO `ocena` (`id`, `przedmiot`, `opis`, `pesel`, `stopien`, `data`) VALUES(20, 'jezyk_angielski', 'ref', 32222222222, 1, '2019-04-30');
INSERT INTO `ocena` (`id`, `przedmiot`, `opis`, `pesel`, `stopien`, `data`) VALUES(21, 'jezyk_angielski', 'kart', 32222222223, 2, '2019-05-13');
INSERT INTO `ocena` (`id`, `przedmiot`, `opis`, `pesel`, `stopien`, `data`) VALUES(22, 'jezyk_angielski', 'odp', 32222222224, 1, '2019-05-24');
INSERT INTO `zajecia` (`id`, `klasa`, `przedmiot`, `prowadzacy`, `godzina`, `dzien`) VALUES(1, '1a', 'algebra_liniowa', 22222222221, '08:00:00', 'pon'),(2, '1a', 'algebra_liniowa', 22222222221, '08:50:00', 'pon'),(3, '1a', 'programowanie_java', 22222222222, '09:40:00', 'pon'),(4, '1a', 'programowanie_java', 22222222222, '10:35:00', 'pon'),(5, '1b', 'programowanie_java', 22222222223, '08:45:00', 'pon'),(6, '1b', 'programowanie_java', 22222222223, '09:40:00', 'pon'),(7, '1a', 'informatyka_ogolna', 22222222225, '08:00:00', 'wt'),(8, '1a', 'informatyka_ogolna', 22222222225, '08:50:00', 'wt'),(9, '1a', 'programowanie_zespolowe', 22222222226, '09:40:00', 'wt'),(10, '1a', 'programowanie_zespolowe', 22222222226, '10:35:00', 'wt'),(11, '1b', 'algebra_liniowa', 22222222221, '08:00:00', 'wt'),(12, '1b', 'algebra_liniowa', 22222222221, '08:45:00', 'wt'),(13, '1b', 'programowanie_java', 22222222223, '09:40:00', 'wt'),(14, '1b', 'programowanie_zespolowe', 22222222226, '10:35:00', 'wt'),(15, '1b', 'programowanie_zespolowe', 22222222226, '12:00:00', 'wt'),(16, '1a', 'jezyk_polski', 22222222229, '08:00:00', 'sr'),(17, '1a', 'jezyk_polski', 22222222229, '08:50:00', 'sr'),(18, '1a', 'geometria_analityczna', 22222222228, '09:40:00', 'sr'),(19, '1a', 'geometria_analityczna', 22222222228, '10:35:00', 'sr'),(20, '1b', 'programowanie_java', 22222222223, '09:40:00', 'sr'),(21, '1b', 'jezyk_angielski', 22222222220, '10:35:00', 'sr'),(22, '1b', 'jezyk_polski', 22222222229, '12:00:00', 'sr'),(23, '1a', 'jezyk_polski', 22222222229, '08:00:00', 'czw'),(24, '1a', 'jezyk_polski', 22222222229, '08:50:00', 'czw'),(25, '1a', 'jezyk_polski', 22222222229, '09:40:00', 'czw'),(26, '1b', 'geometria_analityczna', 22222222228, '08:45:00', 'czw'),(27, '1b', 'geometria_analityczna', 22222222228, '09:40:00', 'czw'),(28, '1a', 'programowanie_zespolowe', 22222222226, '10:35:00', 'pt'),(29, '1a', 'programowanie_zespolowe', 22222222226, '12:00:00', 'pt'),(30, '1b', 'programowanie_zespolowe', 22222222226, '12:50:00', 'pt'),(31, '1b', 'programowanie_zespolowe', 22222222226, '13:40:00', 'pt'),(NULL, '1b', 'programowanie_java', 22222222226, '14:25:00', 'pt'),(NULL, '1a', 'jezyk_angielski', 22222222220, '15:22:00', 'pt');
INSERT INTO `obecnosc` (`id`, `przedmiot`, `pesel`, `data`, `wartosc`) VALUES(28, 'programowanie_zespolowe', 32222222222, '2019-09-27', 'u');
INSERT INTO `obecnosc` (`id`, `przedmiot`, `pesel`, `data`, `wartosc`) VALUES(30, 'programowanie_zespolowe', 32222222222, '2019-09-03', 'n');
INSERT INTO `obecnosc` (`id`, `przedmiot`, `pesel`, `data`, `wartosc`) VALUES(31, 'programowanie_zespolowe', 32222222221, '2019-09-03', 'u');
INSERT INTO `obecnosc` (`id`, `przedmiot`, `pesel`, `data`, `wartosc`) VALUES(32, 'programowanie_zespolowe', 32222222223, '2019-09-03', 'n');
INSERT INTO `obecnosc` (`id`, `przedmiot`, `pesel`, `data`, `wartosc`) VALUES(33, 'programowanie_zespolowe', 32222222224, '2019-09-03', 'n');
INSERT INTO `obecnosc` (`id`, `przedmiot`, `pesel`, `data`, `wartosc`) VALUES(34, 'programowanie_zespolowe', 32222222225, '2019-09-03', 'u');
INSERT INTO `obecnosc` (`id`, `przedmiot`, `pesel`, `data`, `wartosc`) VALUES(36, 'programowanie_zespolowe', 32222222228, '2019-09-03', 'n');
INSERT INTO `obecnosc` (`id`, `przedmiot`, `pesel`, `data`, `wartosc`) VALUES(37, 'programowanie_zespolowe', 32222222227, '2019-09-03', 'n');
INSERT INTO `obecnosc` (`id`, `przedmiot`, `pesel`, `data`, `wartosc`) VALUES(38, 'programowanie_zespolowe', 32222222226, '2019-09-03', 'n');
INSERT INTO `obecnosc` (`id`, `przedmiot`, `pesel`, `data`, `wartosc`) VALUES(39, 'programowanie_zespolowe', 32222222229, '2019-09-03', 'n');
INSERT INTO `obecnosc` (`id`, `przedmiot`, `pesel`, `data`, `wartosc`) VALUES(40, 'programowanie_zespolowe', 32222222220, '2019-09-03', 'n');
INSERT INTO `obecnosc` (`id`, `przedmiot`, `pesel`, `data`, `wartosc`) VALUES(41, 'jezyk_angielski', 32222222226, '2020-02-05', 'n');
INSERT INTO `obecnosc` (`id`, `przedmiot`, `pesel`, `data`, `wartosc`) VALUES(42, 'jezyk_angielski', 32222222227, '2020-02-05', 'n');
INSERT INTO `obecnosc` (`id`, `przedmiot`, `pesel`, `data`, `wartosc`) VALUES(43, 'jezyk_angielski', 32222222228, '2020-02-05', 'n');
INSERT INTO `obecnosc` (`id`, `przedmiot`, `pesel`, `data`, `wartosc`) VALUES(44, 'jezyk_angielski', 32222222229, '2020-02-05', 'n');
INSERT INTO `obecnosc` (`id`, `przedmiot`, `pesel`, `data`, `wartosc`) VALUES(45, 'jezyk_angielski', 32222222220, '2020-02-05', 'n');
